duration,power,workout_name
323,108,The Shovel
241,137,The Shovel
180,157,The Shovel
121,176,The Shovel
59,196,The Shovel
11,380,The Shovel
75,98,The Shovel
10,292,The Shovel
80,98,The Shovel
55,206,The Shovel
5,78,The Shovel
49,216,The Shovel
10,78,The Shovel
45,219,The Shovel
15,78,The Shovel
40,231,The Shovel
20,78,The Shovel
35,243,The Shovel
24,78,The Shovel
30,255,The Shovel
31,78,The Shovel
25,267,The Shovel
35,78,The Shovel
20,361,The Shovel
40,78,The Shovel
15,418,The Shovel
46,78,The Shovel
10,733,The Shovel
50,78,The Shovel
5,838,The Shovel
55,78,The Shovel
5,838,The Shovel
56,78,The Shovel
10,733,The Shovel
50,78,The Shovel
15,418,The Shovel
45,78,The Shovel
20,361,The Shovel
40,78,The Shovel
24,267,The Shovel
35,78,The Shovel
30,255,The Shovel
30,78,The Shovel
35,243,The Shovel
26,78,The Shovel
40,231,The Shovel
20,78,The Shovel
45,219,The Shovel
15,78,The Shovel
50,216,The Shovel
10,78,The Shovel
60,196,The Shovel
4,78,The Shovel
60,196,The Shovel
303,78,The Shovel
5,838,The Shovel
55,78,The Shovel
10,733,The Shovel
50,78,The Shovel
15,418,The Shovel
45,78,The Shovel
20,361,The Shovel
40,78,The Shovel
25,267,The Shovel
35,78,The Shovel
30,255,The Shovel
30,78,The Shovel
35,243,The Shovel
26,78,The Shovel
40,231,The Shovel
20,78,The Shovel
45,219,The Shovel
15,78,The Shovel
50,216,The Shovel
10,78,The Shovel
50,206,The Shovel
5,78,The Shovel
61,196,The Shovel
60,78,The Shovel
55,206,The Shovel
6,78,The Shovel
50,216,The Shovel
10,78,The Shovel
46,219,The Shovel
15,78,The Shovel
40,231,The Shovel
20,78,The Shovel
35,243,The Shovel
25,78,The Shovel
30,255,The Shovel
31,78,The Shovel
25,267,The Shovel
35,78,The Shovel
20,380,The Shovel
45,78,The Shovel
15,418,The Shovel
50,78,The Shovel
10,733,The Shovel
51,78,The Shovel
6,838,The Shovel
601,108,Sprints 12 x 10s
10,890,Sprints 12 x 10s
590,108,Sprints 12 x 10s
10,890,Sprints 12 x 10s
590,108,Sprints 12 x 10s
10,890,Sprints 12 x 10s
590,108,Sprints 12 x 10s
10,890,Sprints 12 x 10s
590,108,Sprints 12 x 10s
10,890,Sprints 12 x 10s
590,108,Sprints 12 x 10s
10,890,Sprints 12 x 10s
590,108,Sprints 12 x 10s
10,890,Sprints 12 x 10s
590,108,Sprints 12 x 10s
10,890,Sprints 12 x 10s
590,108,Sprints 12 x 10s
10,890,Sprints 12 x 10s
590,108,Sprints 12 x 10s
10,890,Sprints 12 x 10s
590,108,Sprints 12 x 10s
10,890,Sprints 12 x 10s
590,108,Sprints 12 x 10s
10,890,Sprints 12 x 10s
590,108,Sprints 12 x 10s
300,98,Sprints 12 x 10s
600,108,Sprints 12 x 10s
10,1047,Sprints 12 x 10s
590,108,Sprints 12 x 10s
10,1047,Sprints 12 x 10s
590,108,Sprints 12 x 10s
10,1047,Sprints 12 x 10s
590,108,Sprints 12 x 10s
10,1047,Sprints 12 x 10s
590,108,Sprints 12 x 10s
10,1047,Sprints 12 x 10s
590,108,Sprints 12 x 10s
10,1047,Sprints 12 x 10s
590,108,Sprints 12 x 10s
10,1047,Sprints 12 x 10s
590,108,Sprints 12 x 10s
10,1047,Sprints 12 x 10s
590,108,Sprints 12 x 10s
10,1047,Sprints 12 x 10s
590,108,Sprints 12 x 10s
10,1047,Sprints 12 x 10s
590,108,Sprints 12 x 10s
10,1047,Sprints 12 x 10s
590,108,Sprints 12 x 10s
10,1047,Sprints 12 x 10s
590,108,Sprints 12 x 10s
181,88,Endurance 6
21300,118,Endurance 6
21,98,Violator
189,118,Violator
108,137,Violator
61,167,Violator
56,108,Violator
63,186,Violator
61,108,Violator
60,216,Violator
119,157,Violator
6,890,Violator
29,88,Violator
5,890,Violator
30,88,Violator
5,879,Violator
30,88,Violator
5,879,Violator
30,88,Violator
5,869,Violator
30,88,Violator
5,869,Violator
30,88,Violator
5,859,Violator
30,88,Violator
5,859,Violator
30,88,Violator
5,848,Violator
30,88,Violator
5,848,Violator
30,88,Violator
5,838,Violator
30,88,Violator
5,838,Violator
30,88,Violator
10,838,Violator
60,88,Violator
10,827,Violator
60,88,Violator
10,817,Violator
60,88,Violator
10,806,Violator
60,88,Violator
10,796,Violator
60,88,Violator
10,785,Violator
60,88,Violator
10,775,Violator
60,88,Violator
10,764,Violator
60,88,Violator
15,494,Violator
90,88,Violator
15,486,Violator
90,88,Violator
15,479,Violator
90,88,Violator
15,471,Violator
90,88,Violator
15,464,Violator
90,88,Violator
15,456,Violator
180,88,Violator
5,665,Violator
15,78,Violator
5,608,Violator
15,78,Violator
5,589,Violator
15,78,Violator
5,581,Violator
15,78,Violator
5,570,Violator
15,78,Violator
5,559,Violator
15,78,Violator
5,551,Violator
15,78,Violator
5,543,Violator
15,78,Violator
5,536,Violator
15,78,Violator
5,528,Violator
15,78,Violator
10,494,Violator
30,78,Violator
10,490,Violator
30,78,Violator
10,486,Violator
30,78,Violator
10,483,Violator
30,78,Violator
10,479,Violator
30,78,Violator
10,475,Violator
30,78,Violator
10,471,Violator
30,78,Violator
10,467,Violator
30,78,Violator
15,306,Violator
45,78,Violator
15,304,Violator
45,78,Violator
15,301,Violator
45,78,Violator
15,299,Violator
165,78,Violator
5,486,Violator
5,69,Violator
5,437,Violator
5,69,Violator
5,413,Violator
5,69,Violator
5,401,Violator
5,69,Violator
5,389,Violator
5,69,Violator
5,384,Violator
5,69,Violator
5,379,Violator
5,69,Violator
5,374,Violator
5,69,Violator
10,364,Violator
10,69,Violator
10,362,Violator
10,69,Violator
10,360,Violator
10,69,Violator
10,357,Violator
10,69,Violator
10,355,Violator
10,69,Violator
10,352,Violator
10,69,Violator
15,314,Violator
15,69,Violator
15,314,Violator
144,78,Kitchen Sink Mash-Up
120,88,Kitchen Sink Mash-Up
60,118,Kitchen Sink Mash-Up
120,147,Kitchen Sink Mash-Up
120,167,Kitchen Sink Mash-Up
120,219,Kitchen Sink Mash-Up
91,88,Kitchen Sink Mash-Up
29,219,Kitchen Sink Mash-Up
120,88,Kitchen Sink Mash-Up
8,224,Kitchen Sink Mash-Up
60,88,Kitchen Sink Mash-Up
8,228,Kitchen Sink Mash-Up
60,88,Kitchen Sink Mash-Up
8,361,Kitchen Sink Mash-Up
168,88,Kitchen Sink Mash-Up
28,167,Kitchen Sink Mash-Up
15,207,Kitchen Sink Mash-Up
58,176,Kitchen Sink Mash-Up
15,202,Kitchen Sink Mash-Up
25,167,Kitchen Sink Mash-Up
13,194,Kitchen Sink Mash-Up
20,167,Kitchen Sink Mash-Up
14,157,Kitchen Sink Mash-Up
13,194,Kitchen Sink Mash-Up
17,167,Kitchen Sink Mash-Up
10,207,Kitchen Sink Mash-Up
31,167,Kitchen Sink Mash-Up
10,207,Kitchen Sink Mash-Up
14,167,Kitchen Sink Mash-Up
13,157,Kitchen Sink Mash-Up
39,202,Kitchen Sink Mash-Up
26,167,Kitchen Sink Mash-Up
60,176,Kitchen Sink Mash-Up
14,207,Kitchen Sink Mash-Up
25,186,Kitchen Sink Mash-Up
9,219,Kitchen Sink Mash-Up
10,221,Kitchen Sink Mash-Up
306,78,Kitchen Sink Mash-Up
29,163,Kitchen Sink Mash-Up
33,182,Kitchen Sink Mash-Up
37,171,Kitchen Sink Mash-Up
13,180,Kitchen Sink Mash-Up
31,171,Kitchen Sink Mash-Up
12,180,Kitchen Sink Mash-Up
29,171,Kitchen Sink Mash-Up
13,180,Kitchen Sink Mash-Up
22,172,Kitchen Sink Mash-Up
9,167,Kitchen Sink Mash-Up
31,199,Kitchen Sink Mash-Up
38,171,Kitchen Sink Mash-Up
52,157,Kitchen Sink Mash-Up
13,194,Kitchen Sink Mash-Up
99,157,Kitchen Sink Mash-Up
16,207,Kitchen Sink Mash-Up
90,194,Kitchen Sink Mash-Up
17,202,Kitchen Sink Mash-Up
77,157,Kitchen Sink Mash-Up
26,167,Kitchen Sink Mash-Up
24,186,Kitchen Sink Mash-Up
31,167,Kitchen Sink Mash-Up
9,186,Kitchen Sink Mash-Up
59,157,Kitchen Sink Mash-Up
78,167,Kitchen Sink Mash-Up
30,176,Kitchen Sink Mash-Up
12,197,Kitchen Sink Mash-Up
36,157,Kitchen Sink Mash-Up
25,209,Kitchen Sink Mash-Up
188,172,Kitchen Sink Mash-Up
23,285,Kitchen Sink Mash-Up
316,59,Kitchen Sink Mash-Up
5,785,Kitchen Sink Mash-Up
55,78,Kitchen Sink Mash-Up
10,681,Kitchen Sink Mash-Up
50,78,Kitchen Sink Mash-Up
15,399,Kitchen Sink Mash-Up
46,78,Kitchen Sink Mash-Up
19,342,Kitchen Sink Mash-Up
41,78,Kitchen Sink Mash-Up
24,255,Kitchen Sink Mash-Up
36,78,Kitchen Sink Mash-Up
29,243,Kitchen Sink Mash-Up
31,78,Kitchen Sink Mash-Up
35,231,Kitchen Sink Mash-Up
25,78,Kitchen Sink Mash-Up
40,219,Kitchen Sink Mash-Up
20,78,Kitchen Sink Mash-Up
45,207,Kitchen Sink Mash-Up
15,78,Kitchen Sink Mash-Up
50,206,Kitchen Sink Mash-Up
10,78,Kitchen Sink Mash-Up
50,196,Kitchen Sink Mash-Up
5,78,Kitchen Sink Mash-Up
61,186,Kitchen Sink Mash-Up
60,78,Kitchen Sink Mash-Up
55,196,Kitchen Sink Mash-Up
6,78,Kitchen Sink Mash-Up
50,206,Kitchen Sink Mash-Up
10,78,Kitchen Sink Mash-Up
45,207,Kitchen Sink Mash-Up
15,78,Kitchen Sink Mash-Up
40,219,Kitchen Sink Mash-Up
21,78,Kitchen Sink Mash-Up
35,231,Kitchen Sink Mash-Up
25,78,Kitchen Sink Mash-Up
30,243,Kitchen Sink Mash-Up
31,78,Kitchen Sink Mash-Up
25,255,Kitchen Sink Mash-Up
35,78,Kitchen Sink Mash-Up
20,361,Kitchen Sink Mash-Up
45,78,Kitchen Sink Mash-Up
15,399,Kitchen Sink Mash-Up
51,78,Kitchen Sink Mash-Up
10,681,Kitchen Sink Mash-Up
50,78,Kitchen Sink Mash-Up
5,785,Kitchen Sink Mash-Up
197,69,Kitchen Sink Mash-Up
90,161,Kitchen Sink Mash-Up
90,167,Kitchen Sink Mash-Up
90,172,Kitchen Sink Mash-Up
120,69,Kitchen Sink Mash-Up
164,214,Kitchen Sink Mash-Up
16,233,Kitchen Sink Mash-Up
175,49,Kitchen Sink Mash-Up
5,474,Kitchen Sink Mash-Up
5,49,Kitchen Sink Mash-Up
5,425,Kitchen Sink Mash-Up
5,49,Kitchen Sink Mash-Up
5,401,Kitchen Sink Mash-Up
5,49,Kitchen Sink Mash-Up
5,389,Kitchen Sink Mash-Up
5,49,Kitchen Sink Mash-Up
5,377,Kitchen Sink Mash-Up
5,49,Kitchen Sink Mash-Up
5,372,Kitchen Sink Mash-Up
5,49,Kitchen Sink Mash-Up
5,367,Kitchen Sink Mash-Up
5,49,Kitchen Sink Mash-Up
5,362,Kitchen Sink Mash-Up
5,49,Kitchen Sink Mash-Up
10,352,Kitchen Sink Mash-Up
10,49,Kitchen Sink Mash-Up
11,350,Kitchen Sink Mash-Up
9,49,Kitchen Sink Mash-Up
10,347,Kitchen Sink Mash-Up
10,49,Kitchen Sink Mash-Up
10,345,Kitchen Sink Mash-Up
10,49,Kitchen Sink Mash-Up
10,343,Kitchen Sink Mash-Up
11,49,Kitchen Sink Mash-Up
9,340,Kitchen Sink Mash-Up
11,49,Kitchen Sink Mash-Up
14,304,Kitchen Sink Mash-Up
15,49,Kitchen Sink Mash-Up
15,304,Kitchen Sink Mash-Up
184,88,Kitchen Sink Mash-Up
32,312,Kitchen Sink Mash-Up
30,331,Kitchen Sink Mash-Up
53,78,Kitchen Sink Mash-Up
65,0,Kitchen Sink Mash-Up
117,78,Kitchen Sink Mash-Up
121,157,Kitchen Sink Mash-Up
120,127,Kitchen Sink Mash-Up
120,157,Kitchen Sink Mash-Up
120,127,Kitchen Sink Mash-Up
119,157,Kitchen Sink Mash-Up
189,69,Kitchen Sink Mash-Up
22,194,Kitchen Sink Mash-Up
19,209,Kitchen Sink Mash-Up
15,197,Kitchen Sink Mash-Up
18,202,Kitchen Sink Mash-Up
12,194,Kitchen Sink Mash-Up
22,207,Kitchen Sink Mash-Up
13,194,Kitchen Sink Mash-Up
27,207,Kitchen Sink Mash-Up
13,182,Kitchen Sink Mash-Up
15,202,Kitchen Sink Mash-Up
15,167,Kitchen Sink Mash-Up
53,207,Kitchen Sink Mash-Up
311,78,Kitchen Sink Mash-Up
194,167,Kitchen Sink Mash-Up
44,194,Kitchen Sink Mash-Up
96,157,Kitchen Sink Mash-Up
85,167,Kitchen Sink Mash-Up
20,199,Kitchen Sink Mash-Up
45,176,Kitchen Sink Mash-Up
19,151,Kitchen Sink Mash-Up
5,172,Kitchen Sink Mash-Up
16,186,Kitchen Sink Mash-Up
22,172,Kitchen Sink Mash-Up
27,176,Kitchen Sink Mash-Up
116,163,Kitchen Sink Mash-Up
73,186,Kitchen Sink Mash-Up
53,157,Kitchen Sink Mash-Up
30,207,Kitchen Sink Mash-Up
60,153,Kitchen Sink Mash-Up
100,167,Kitchen Sink Mash-Up
10,176,Kitchen Sink Mash-Up
111,167,Kitchen Sink Mash-Up
43,176,Kitchen Sink Mash-Up
31,207,Kitchen Sink Mash-Up
252,69,Kitchen Sink Mash-Up
99,219,Kitchen Sink Mash-Up
5,226,Kitchen Sink Mash-Up
17,219,Kitchen Sink Mash-Up
120,69,Kitchen Sink Mash-Up
105,219,Kitchen Sink Mash-Up
105,69,Kitchen Sink Mash-Up
41,207,Kitchen Sink Mash-Up
5,243,Kitchen Sink Mash-Up
45,219,Kitchen Sink Mash-Up
89,69,Kitchen Sink Mash-Up
75,216,Kitchen Sink Mash-Up
76,69,Kitchen Sink Mash-Up
60,207,Kitchen Sink Mash-Up
59,69,Kitchen Sink Mash-Up
38,207,Kitchen Sink Mash-Up
5,304,Kitchen Sink Mash-Up
2,219,Kitchen Sink Mash-Up
45,69,Kitchen Sink Mash-Up
30,296,Kitchen Sink Mash-Up
30,69,Kitchen Sink Mash-Up
8,315,Kitchen Sink Mash-Up
5,323,Kitchen Sink Mash-Up
17,331,Kitchen Sink Mash-Up
30,69,Kitchen Sink Mash-Up
30,334,Kitchen Sink Mash-Up
29,69,Kitchen Sink Mash-Up
16,361,Kitchen Sink Mash-Up
